patient_folder,files,rows,duration_s
ABDUL REHAMAN N_._7132024,11,1155927,23118.32
Abdul Rehaman,12,1965790,26030.22
Afsana Sadhick,30,1277241,25544.259999999995
BENNY MARTIS_._5482024,24,1470768,29414.879999999997
Benny Martis,23,1426954,28538.620000000003
DIVAKAR SHETTY_._9602024,7,678911,13578.08
DIWAKARA S SHETTY_._7612024,10,1432855,28656.9
afsana sadhick_._2582024,28,1277241,25544.259999999995
bharati naik_._1332024,6,549498,10989.84
