{
  "accuracy": [
    0.9021286964416504,
    0.9168659448623657,
    0.920372724533081,
    0.9218942523002625,
    0.9241403341293335,
    0.9248504042625427,
    0.9249517917633057,
    0.9265747666358948,
    0.92732834815979,
    0.9278500080108643,
    0.9283716678619385,
    0.928502082824707,
    0.9292556047439575,
    0.9288209080696106,
    0.9292266368865967
  ],
  "loss": [
    0.28068065643310547,
    0.2485264390707016,
    0.2404344230890274,
    0.2354700267314911,
    0.2281094491481781,
    0.22606630623340607,
    0.2245238572359085,
    0.22016189992427826,
    0.218992218375206,
    0.21729104220867157,
    0.21657207608222961,
    0.21541404724121094,
    0.2138725072145462,
    0.21472559869289398,
    0.2130013108253479
  ],
  "val_accuracy": [
    0.9312013387680054,
    0.9319728016853333,
    0.9326039552688599,
    0.9320428967475891,
    0.9332351684570312,
    0.9335156679153442,
    0.9344273805618286,
    0.9344975352287292,
    0.9352689385414124,
    0.9346377849578857,
    0.9349884390830994,
    0.9347078800201416,
    0.9347780346870422,
    0.9349182844161987,
    0.9349182844161987
  ],
  "val_loss": [
    0.21056059002876282,
    0.21688759326934814,
    0.21404264867305756,
    0.21415673196315765,
    0.21068792045116425,
    0.21389946341514587,
    0.21389439702033997,
    0.21005837619304657,
    0.21227224171161652,
    0.21435317397117615,
    0.2118208408355713,
    0.21209684014320374,
    0.21341677010059357,
    0.21464547514915466,
    0.21050503849983215
  ],
  "learning_rate": [
    0.0010000000474974513,
    0.0010000000474974513,
    0.0010000000474974513,
    0.0010000000474974513,
    0.0005000000237487257,
    0.0005000000237487257,
    0.0005000000237487257,
    0.0002500000118743628,
    0.0002500000118743628,
    0.0002500000118743628,
    0.0002500000118743628,
    0.0001250000059371814,
    0.0001250000059371814,
    0.0001250000059371814,
    6.25000029685907e-05
  ]
}