{
  "accuracy": [
    0.8990856409072876,
    0.9170398116111755,
    0.9205031394958496,
    0.9231259822845459,
    0.9229955673217773,
    0.924270749092102,
    0.925777792930603,
    0.9260531067848206,
    0.9263864159584045,
    0.9264733791351318,
    0.927951455116272,
    0.9286614656448364,
    0.9281977415084839,
    0.930009126663208,
    0.9309365153312683,
    0.9320813417434692,
    0.9325740337371826
  ],
  "loss": [
    0.28596413135528564,
    0.2488502711057663,
    0.23885051906108856,
    0.23419924080371857,
    0.2298765480518341,
    0.22625456750392914,
    0.22507838904857635,
    0.2225547581911087,
    0.22040408849716187,
    0.2186073660850525,
    0.21650151908397675,
    0.21605516970157623,
    0.21490934491157532,
    0.2087763547897339,
    0.20732121169567108,
    0.2051425725221634,
    0.20208333432674408
  ],
  "val_accuracy": [
    0.9275545477867126,
    0.9296584725379944,
    0.9292376637458801,
    0.9344975352287292,
    0.9344975352287292,
    0.9351286888122559,
    0.9347078800201416,
    0.9345676302909851,
    0.9349182844161987,
    0.9351286888122559,
    0.9351988434791565,
    0.9340065717697144,
    0.934357225894928,
    0.9345676302909851,
    0.9349182844161987,
    0.9349182844161987,
    0.9345676302909851
  ],
  "val_loss": [
    0.21631573140621185,
    0.2140427827835083,
    0.21782876551151276,
    0.2063526064157486,
    0.20658524334430695,
    0.20322206616401672,
    0.2051035463809967,
    0.20451800525188446,
    0.202279731631279,
    0.19984321296215057,
    0.20611803233623505,
    0.20904040336608887,
    0.20693746209144592,
    0.20420889556407928,
    0.2037612795829773,
    0.20002764463424683,
    0.20192313194274902
  ],
  "learning_rate": [
    0.0010000000474974513,
    0.0010000000474974513,
    0.0010000000474974513,
    0.0010000000474974513,
    0.0010000000474974513,
    0.0010000000474974513,
    0.0010000000474974513,
    0.0010000000474974513,
    0.0010000000474974513,
    0.0010000000474974513,
    0.0010000000474974513,
    0.0010000000474974513,
    0.0010000000474974513,
    0.0005000000237487257,
    0.0005000000237487257,
    0.0005000000237487257,
    0.0002500000118743628
  ]
}