{
  "accuracy": [
    0.8352243900299072,
    0.8843629360198975,
    0.8414120078086853,
    0.8536422848701477,
    0.88444983959198,
    0.9011723399162292,
    0.8599168062210083,
    0.88886958360672,
    0.9036357402801514,
    0.9042733311653137,
    0.904650092124939,
    0.9094321131706238,
    0.9114318490028381,
    0.910287082195282,
    0.9125041365623474,
    0.9135764837265015,
    0.9141416549682617,
    0.8558449149131775,
    0.8787259459495544,
    0.9019837975502014,
    0.9050993323326111,
    0.9062730669975281,
    0.9001434445381165,
    0.9085046648979187,
    0.9083887338638306,
    0.9108521938323975,
    0.911026120185852,
    0.9130403399467468
  ],
  "loss": [
    0.4087986648082733,
    0.3229885399341583,
    0.41068318486213684,
    0.36763015389442444,
    0.3188876807689667,
    0.2840270698070526,
    0.35303547978401184,
    0.3104732036590576,
    0.278333842754364,
    0.2784756124019623,
    0.27451103925704956,
    0.2637777030467987,
    0.2613457441329956,
    0.25810515880584717,
    0.2554619014263153,
    0.2534926235675812,
    0.2504332363605499,
    0.33220604062080383,
    0.3022620379924774,
    0.27144816517829895,
    0.2641289532184601,
    0.2613447904586792,
    0.2728725075721741,
    0.2548515200614929,
    0.2544795870780945,
    0.2492733895778656,
    0.24996617436408997,
    0.2460882067680359
  ],
  "val_accuracy": [
    0.9280454516410828,
    0.877270519733429,
    0.9230661392211914,
    0.8401710987091064,
    0.9269934892654419,
    0.9316221475601196,
    0.9286065101623535,
    0.9323234558105469,
    0.9307805299758911,
    0.9305000305175781,
    0.931271493434906,
    0.930289626121521,
    0.930009126663208,
    0.9309909343719482,
    0.9297285676002502,
    0.9298688769340515,
    0.9306402802467346,
    0.8781821727752686,
    0.9276246428489685,
    0.9296584725379944,
    0.929027259349823,
    0.928466260433197,
    0.928466260433197,
    0.9297285676002502,
    0.9286766052246094,
    0.9292376637458801,
    0.9274142384529114,
    0.9293779134750366
  ],
  "val_loss": [
    0.23658102750778198,
    0.3452715575695038,
    0.28265032172203064,
    0.3335140645503998,
    0.22925227880477905,
    0.2199568748474121,
    0.22252623736858368,
    0.22512181103229523,
    0.21488727629184723,
    0.2186753898859024,
    0.20900125801563263,
    0.2144312560558319,
    0.21244800090789795,
    0.21553753316402435,
    0.2096632719039917,
    0.208463653922081,
    0.2080746740102768,
    0.2752595543861389,
    0.21394102275371552,
    0.2102690488100052,
    0.20770905911922455,
    0.21060113608837128,
    0.20883096754550934,
    0.21051187813282013,
    0.20810271799564362,
    0.211929589509964,
    0.21759560704231262,
    0.20838339626789093
  ],
  "learning_rate": [
    0.0010000000474974513,
    0.0010000000474974513,
    0.0010000000474974513,
    0.0010000000474974513,
    0.0005000000237487257,
    0.0005000000237487257,
    0.0005000000237487257,
    0.0005000000237487257,
    0.0005000000237487257,
    0.0005000000237487257,
    0.0005000000237487257,
    0.0005000000237487257,
    0.0005000000237487257,
    0.0005000000237487257,
    0.0002500000118743628,
    0.0002500000118743628,
    0.0002500000118743628,
    0.0002500000118743628,
    0.0002500000118743628,
    0.0002500000118743628,
    0.0001250000059371814,
    0.0001250000059371814,
    0.0001250000059371814,
    0.0001250000059371814,
    6.25000029685907e-05,
    6.25000029685907e-05,
    6.25000029685907e-05,
    3.125000148429535e-05
  ]
}